"","m","sd","n","na","itc","citc","aid","max","adj.Pval"
"키",188,9.98570406702931,8,0,0.323051840473208,0.256542672279846,0.97240306712963,202,0.930693069306931
"국어",62.5,29.5199690282455,8,0,0.927370422925358,0.886009306867695,0.917976294621555,100,0.625
"영어",65.625,26.9175327886597,8,0,0.946567620098521,0.919212134036549,0.913550277831768,100,0.65625
"수학",66.25,30.3256138790768,8,0,0.98104041154579,0.969208781476646,0.906033731213165,100,0.6625
"과학",70,23.7546987833084,8,0,0.949478351535704,0.927480276737597,0.914963437552495,95,0.736842105263158
"사회",60.625,32.1200315779955,8,0,0.951997880234389,0.920450702120819,0.914434197373956,95,0.638157894736842
